Series_Title,Released_Year,Genre_Id
The Shawshank Redemption,1994,0
The Godfather,1972,1
The Godfather,1972,0
The Dark Knight,2008,2
The Dark Knight,2008,1
The Dark Knight,2008,0
The Godfather: Part II,1974,1
The Godfather: Part II,1974,0
12 Angry Men,1957,1
12 Angry Men,1957,0
The Lord of the Rings: The Return of the King,2003,2
The Lord of the Rings: The Return of the King,2003,3
The Lord of the Rings: The Return of the King,2003,0
Pulp Fiction,1994,1
Pulp Fiction,1994,0
Schindler's List,1993,4
Schindler's List,1993,0
Schindler's List,1993,5
Inception,2010,2
Inception,2010,3
Inception,2010,6
Fight Club,1999,0
The Lord of the Rings: The Fellowship of the Ring,2001,2
The Lord of the Rings: The Fellowship of the Ring,2001,3
The Lord of the Rings: The Fellowship of the Ring,2001,0
Forrest Gump,1994,0
Forrest Gump,1994,7
"Il buono, il brutto, il cattivo",1966,8
The Lord of the Rings: The Two Towers,2002,2
The Lord of the Rings: The Two Towers,2002,3
The Lord of the Rings: The Two Towers,2002,0
The Matrix,1999,2
The Matrix,1999,6
Goodfellas,1990,4
Goodfellas,1990,1
Goodfellas,1990,0
Star Wars: Episode V - The Empire Strikes Back,1980,2
Star Wars: Episode V - The Empire Strikes Back,1980,3
Star Wars: Episode V - The Empire Strikes Back,1980,9
One Flew Over the Cuckoo's Nest,1975,0
Hamilton,2020,4
Hamilton,2020,0
Hamilton,2020,5
Gisaengchung,2019,10
Gisaengchung,2019,0
Gisaengchung,2019,11
Soorarai Pottru,2020,0
Interstellar,2014,3
Interstellar,2014,0
Interstellar,2014,6
Cidade de Deus,2002,1
Cidade de Deus,2002,0
Sen to Chihiro no kamikakushi,2001,12
Sen to Chihiro no kamikakushi,2001,3
Sen to Chihiro no kamikakushi,2001,13
Saving Private Ryan,1998,0
Saving Private Ryan,1998,14
The Green Mile,1999,1
The Green Mile,1999,0
The Green Mile,1999,9
La vita è bella,1997,10
La vita è bella,1997,0
La vita è bella,1997,7
Se7en,1995,1
Se7en,1995,0
Se7en,1995,15
The Silence of the Lambs,1991,1
The Silence of the Lambs,1991,0
The Silence of the Lambs,1991,11
Star Wars,1977,2
Star Wars,1977,3
Star Wars,1977,9
Seppuku,1962,2
Seppuku,1962,0
Seppuku,1962,15
Shichinin no samurai,1954,2
Shichinin no samurai,1954,3
Shichinin no samurai,1954,0
It's a Wonderful Life,1946,0
It's a Wonderful Life,1946,13
It's a Wonderful Life,1946,9
Joker,2019,1
Joker,2019,0
Joker,2019,11
Whiplash,2014,0
Whiplash,2014,16
The Intouchables,2011,4
The Intouchables,2011,10
The Intouchables,2011,0
The Prestige,2006,0
The Prestige,2006,15
The Prestige,2006,6
The Departed,2006,1
The Departed,2006,0
The Departed,2006,11
The Pianist,2002,4
The Pianist,2002,0
The Pianist,2002,16
Gladiator,2000,2
Gladiator,2000,3
Gladiator,2000,0
American History X,1998,0
The Usual Suspects,1995,1
The Usual Suspects,1995,15
The Usual Suspects,1995,11
Léon,1994,2
Léon,1994,1
Léon,1994,0
The Lion King,1994,12
The Lion King,1994,3
The Lion King,1994,0
Terminator 2: Judgment Day,1991,2
Terminator 2: Judgment Day,1991,6
Nuovo Cinema Paradiso,1988,0
Nuovo Cinema Paradiso,1988,7
Hotaru no haka,1988,12
Hotaru no haka,1988,0
Hotaru no haka,1988,14
Back to the Future,1985,3
Back to the Future,1985,10
Back to the Future,1985,6
Once Upon a Time in the West,1968,8
Psycho,1960,17
Psycho,1960,15
Psycho,1960,11
Casablanca,1942,0
Casablanca,1942,7
Casablanca,1942,14
Modern Times,1936,10
Modern Times,1936,0
Modern Times,1936,13
City Lights,1931,10
City Lights,1931,0
City Lights,1931,7
Capharnaüm,2018,0
Ayla: The Daughter of War,2017,4
Ayla: The Daughter of War,2017,0
Ayla: The Daughter of War,2017,5
Vikram Vedha,2017,2
Vikram Vedha,2017,1
Vikram Vedha,2017,0
Kimi no na wa.,2016,12
Kimi no na wa.,2016,0
Kimi no na wa.,2016,9
Dangal,2016,2
Dangal,2016,4
Dangal,2016,0
Spider-Man: Into the Spider-Verse,2018,12
Spider-Man: Into the Spider-Verse,2018,2
Spider-Man: Into the Spider-Verse,2018,3
Avengers: Endgame,2019,2
Avengers: Endgame,2019,3
Avengers: Endgame,2019,0
Avengers: Infinity War,2018,2
Avengers: Infinity War,2018,3
Avengers: Infinity War,2018,6
Coco,2017,12
Coco,2017,3
Coco,2017,13
Django Unchained,2012,0
Django Unchained,2012,8
The Dark Knight Rises,2012,2
The Dark Knight Rises,2012,3
3 Idiots,2009,10
3 Idiots,2009,0
Taare Zameen Par,2007,0
Taare Zameen Par,2007,13
WALL·E,2008,12
WALL·E,2008,3
WALL·E,2008,13
The Lives of Others,2006,0
The Lives of Others,2006,15
The Lives of Others,2006,11
Oldeuboi,2003,2
Oldeuboi,2003,0
Oldeuboi,2003,15
Memento,2000,15
Memento,2000,11
Mononoke-hime,1997,12
Mononoke-hime,1997,2
Mononoke-hime,1997,3
Once Upon a Time in America,1984,1
Once Upon a Time in America,1984,0
Raiders of the Lost Ark,1981,2
Raiders of the Lost Ark,1981,3
The Shining,1980,0
The Shining,1980,17
Apocalypse Now,1979,0
Apocalypse Now,1979,15
Apocalypse Now,1979,14
Alien,1979,17
Alien,1979,6
Anand,1971,0
Anand,1971,18
Tengoku to jigoku,1963,1
Tengoku to jigoku,1963,0
Tengoku to jigoku,1963,15
Dr. Strangelove or: How I Learned to Stop Worrying and Love the Bomb,1964,10
Witness for the Prosecution,1957,1
Witness for the Prosecution,1957,0
Witness for the Prosecution,1957,15
Paths of Glory,1957,0
Paths of Glory,1957,14
Rear Window,1954,15
Rear Window,1954,11
Sunset Blvd.,1950,0
Sunset Blvd.,1950,19
The Great Dictator,1940,10
The Great Dictator,1940,0
The Great Dictator,1940,14
1917,2019,0
1917,2019,11
1917,2019,14
Tumbbad,2018,0
Tumbbad,2018,9
Tumbbad,2018,17
Andhadhun,2018,1
Andhadhun,2018,0
Andhadhun,2018,16
Drishyam,2013,1
Drishyam,2013,0
Drishyam,2013,11
Jagten,2012,0
Jodaeiye Nader az Simin,2011,0
Incendies,2010,0
Incendies,2010,15
Incendies,2010,14
Miracle in cell NO.7,2019,0
Babam ve Oglum,2005,0
Babam ve Oglum,2005,13
Inglourious Basterds,2009,3
Inglourious Basterds,2009,0
Inglourious Basterds,2009,14
Eternal Sunshine of the Spotless Mind,2004,0
Eternal Sunshine of the Spotless Mind,2004,7
Eternal Sunshine of the Spotless Mind,2004,6
Amélie,2001,10
Amélie,2001,7
Snatch,2000,10
Snatch,2000,1
Requiem for a Dream,2000,0
American Beauty,1999,0
Good Will Hunting,1997,0
Good Will Hunting,1997,7
Bacheha-Ye aseman,1997,0
Bacheha-Ye aseman,1997,13
Bacheha-Ye aseman,1997,20
Toy Story,1995,12
Toy Story,1995,3
Toy Story,1995,10
Braveheart,1995,4
Braveheart,1995,0
Braveheart,1995,5
Reservoir Dogs,1992,1
Reservoir Dogs,1992,0
Reservoir Dogs,1992,11
Full Metal Jacket,1987,0
Full Metal Jacket,1987,14
Idi i smotri,1985,0
Idi i smotri,1985,11
Idi i smotri,1985,14
Aliens,1986,2
Aliens,1986,3
Aliens,1986,6
Amadeus,1984,4
Amadeus,1984,0
Amadeus,1984,5
Scarface,1983,1
Scarface,1983,0
Star Wars: Episode VI - Return of the Jedi,1983,2
Star Wars: Episode VI - Return of the Jedi,1983,3
Star Wars: Episode VI - Return of the Jedi,1983,9
Das Boot,1981,3
Das Boot,1981,0
Das Boot,1981,11
Taxi Driver,1976,1
Taxi Driver,1976,0
The Sting,1973,10
The Sting,1973,1
The Sting,1973,0
A Clockwork Orange,1971,1
A Clockwork Orange,1971,0
A Clockwork Orange,1971,6
2001: A Space Odyssey,1968,3
2001: A Space Odyssey,1968,6
Per qualche dollaro in più,1965,8
Lawrence of Arabia,1962,3
Lawrence of Arabia,1962,4
Lawrence of Arabia,1962,0
The Apartment,1960,10
The Apartment,1960,0
The Apartment,1960,7
North by Northwest,1959,3
North by Northwest,1959,15
North by Northwest,1959,11
Vertigo,1958,15
Vertigo,1958,7
Vertigo,1958,11
Singin' in the Rain,1952,10
Singin' in the Rain,1952,18
Singin' in the Rain,1952,7
Ikiru,1952,0
Ladri di biciclette,1948,0
Double Indemnity,1944,1
Double Indemnity,1944,0
Double Indemnity,1944,19
Citizen Kane,1941,0
Citizen Kane,1941,15
M - Eine Stadt sucht einen Mörder,1931,1
M - Eine Stadt sucht einen Mörder,1931,15
M - Eine Stadt sucht einen Mörder,1931,11
Metropolis,1927,0
Metropolis,1927,6
The Kid,1921,10
The Kid,1921,0
The Kid,1921,13
Chhichhore,2019,10
Chhichhore,2019,0
Uri: The Surgical Strike,2018,2
Uri: The Surgical Strike,2018,0
Uri: The Surgical Strike,2018,14
K.G.F: Chapter 1,2018,2
K.G.F: Chapter 1,2018,0
Green Book,2018,4
Green Book,2018,10
Green Book,2018,0
"Three Billboards Outside Ebbing, Missouri",2017,10
"Three Billboards Outside Ebbing, Missouri",2017,1
"Three Billboards Outside Ebbing, Missouri",2017,0
Talvar,2015,1
Talvar,2015,0
Talvar,2015,15
Baahubali 2: The Conclusion,2017,2
Baahubali 2: The Conclusion,2017,0
Klaus,2019,12
Klaus,2019,3
Klaus,2019,10
Drishyam,2015,1
Drishyam,2015,0
Drishyam,2015,15
Queen,2013,3
Queen,2013,10
Queen,2013,0
Mandariinid,2013,0
Mandariinid,2013,14
Bhaag Milkha Bhaag,2013,4
Bhaag Milkha Bhaag,2013,0
Bhaag Milkha Bhaag,2013,20
Gangs of Wasseypur,2012,2
Gangs of Wasseypur,2012,10
Gangs of Wasseypur,2012,1
Udaan,2010,0
Paan Singh Tomar,2012,2
Paan Singh Tomar,2012,4
Paan Singh Tomar,2012,1
El secreto de sus ojos,2009,0
El secreto de sus ojos,2009,15
El secreto de sus ojos,2009,7
Warrior,2011,2
Warrior,2011,0
Warrior,2011,20
Shutter Island,2010,15
Shutter Island,2010,11
Up,2009,12
Up,2009,3
Up,2009,10
The Wolf of Wall Street,2013,4
The Wolf of Wall Street,2013,1
The Wolf of Wall Street,2013,0
Chak De! India,2007,0
Chak De! India,2007,13
Chak De! India,2007,20
There Will Be Blood,2007,0
Pan's Labyrinth,2006,0
Pan's Labyrinth,2006,9
Pan's Labyrinth,2006,14
Toy Story 3,2010,12
Toy Story 3,2010,3
Toy Story 3,2010,10
V for Vendetta,2005,2
V for Vendetta,2005,0
V for Vendetta,2005,6
Rang De Basanti,2006,10
Rang De Basanti,2006,1
Rang De Basanti,2006,0
Black,2005,0
Batman Begins,2005,2
Batman Begins,2005,3
"Swades: We, the People",2004,0
Der Untergang,2004,4
Der Untergang,2004,0
Der Untergang,2004,5
Hauru no ugoku shiro,2004,12
Hauru no ugoku shiro,2004,3
Hauru no ugoku shiro,2004,13
A Beautiful Mind,2001,4
A Beautiful Mind,2001,0
Hera Pheri,2000,2
Hera Pheri,2000,10
Hera Pheri,2000,1
"Lock, Stock and Two Smoking Barrels",1998,2
"Lock, Stock and Two Smoking Barrels",1998,10
"Lock, Stock and Two Smoking Barrels",1998,1
L.A. Confidential,1997,1
L.A. Confidential,1997,0
L.A. Confidential,1997,15
Eskiya,1996,1
Eskiya,1996,0
Eskiya,1996,11
Heat,1995,1
Heat,1995,0
Heat,1995,11
Casino,1995,1
Casino,1995,0
Andaz Apna Apna,1994,2
Andaz Apna Apna,1994,10
Andaz Apna Apna,1994,7
Unforgiven,1992,0
Unforgiven,1992,8
Indiana Jones and the Last Crusade,1989,2
Indiana Jones and the Last Crusade,1989,3
Dom za vesanje,1988,10
Dom za vesanje,1988,1
Dom za vesanje,1988,0
Tonari no Totoro,1988,12
Tonari no Totoro,1988,13
Tonari no Totoro,1988,9
Die Hard,1988,2
Die Hard,1988,11
Ran,1985,2
Ran,1985,0
Ran,1985,14
Raging Bull,1980,4
Raging Bull,1980,0
Raging Bull,1980,20
Stalker,1979,0
Stalker,1979,6
Höstsonaten,1978,0
Höstsonaten,1978,16
The Message,1976,4
The Message,1976,0
The Message,1976,5
Sholay,1975,2
Sholay,1975,3
Sholay,1975,10
Monty Python and the Holy Grail,1975,3
Monty Python and the Holy Grail,1975,10
Monty Python and the Holy Grail,1975,9
The Great Escape,1963,3
The Great Escape,1963,0
The Great Escape,1963,5
To Kill a Mockingbird,1962,1
To Kill a Mockingbird,1962,0
Yôjinbô,1961,2
Yôjinbô,1961,0
Yôjinbô,1961,11
Judgment at Nuremberg,1961,0
Judgment at Nuremberg,1961,14
Some Like It Hot,1959,10
Some Like It Hot,1959,16
Some Like It Hot,1959,7
Smultronstället,1957,0
Smultronstället,1957,7
Det sjunde inseglet,1957,0
Det sjunde inseglet,1957,9
Det sjunde inseglet,1957,5
Du rififi chez les hommes,1955,1
Du rififi chez les hommes,1955,0
Du rififi chez les hommes,1955,11
Dial M for Murder,1954,1
Dial M for Murder,1954,11
Tôkyô monogatari,1953,0
Rashômon,1950,1
Rashômon,1950,0
Rashômon,1950,15
All About Eve,1950,0
The Treasure of the Sierra Madre,1948,3
The Treasure of the Sierra Madre,1948,0
The Treasure of the Sierra Madre,1948,8
To Be or Not to Be,1942,10
To Be or Not to Be,1942,14
The Gold Rush,1925,3
The Gold Rush,1925,10
The Gold Rush,1925,0
Sherlock Jr.,1924,2
Sherlock Jr.,1924,10
Sherlock Jr.,1924,7
Portrait de la jeune fille en feu,2019,0
Portrait de la jeune fille en feu,2019,7
Pink,2016,0
Pink,2016,11
Koe no katachi,2016,12
Koe no katachi,2016,0
Koe no katachi,2016,13
Contratiempo,2016,1
Contratiempo,2016,0
Contratiempo,2016,15
Ah-ga-ssi,2016,0
Ah-ga-ssi,2016,7
Ah-ga-ssi,2016,11
Mommy,2014,0
Haider,2014,2
Haider,2014,1
Haider,2014,0
Logan,2017,2
Logan,2017,0
Logan,2017,6
Room,2015,0
Room,2015,11
Relatos salvajes,2014,10
Relatos salvajes,2014,0
Relatos salvajes,2014,11
Soul,2020,12
Soul,2020,3
Soul,2020,10
Kis Uykusu,2014,0
PK,2014,10
PK,2014,0
PK,2014,18
OMG: Oh My God!,2012,10
OMG: Oh My God!,2012,0
OMG: Oh My God!,2012,9
The Grand Budapest Hotel,2014,3
The Grand Budapest Hotel,2014,10
The Grand Budapest Hotel,2014,1
Gone Girl,2014,0
Gone Girl,2014,15
Gone Girl,2014,11
Ôkami kodomo no Ame to Yuki,2012,12
Ôkami kodomo no Ame to Yuki,2012,0
Ôkami kodomo no Ame to Yuki,2012,9
Hacksaw Ridge,2016,4
Hacksaw Ridge,2016,0
Hacksaw Ridge,2016,5
Inside Out,2015,12
Inside Out,2015,3
Inside Out,2015,10
Barfi!,2012,10
Barfi!,2012,0
Barfi!,2012,7
12 Years a Slave,2013,4
12 Years a Slave,2013,0
12 Years a Slave,2013,5
Rush,2013,2
Rush,2013,4
Rush,2013,0
Ford v Ferrari,2019,2
Ford v Ferrari,2019,4
Ford v Ferrari,2019,0
Spotlight,2015,4
Spotlight,2015,1
Spotlight,2015,0
Song of the Sea,2014,12
Song of the Sea,2014,3
Song of the Sea,2014,0
Kahaani,2012,15
Kahaani,2012,11
Zindagi Na Milegi Dobara,2011,10
Zindagi Na Milegi Dobara,2011,0
Prisoners,2013,1
Prisoners,2013,0
Prisoners,2013,15
Mad Max: Fury Road,2015,2
Mad Max: Fury Road,2015,3
Mad Max: Fury Road,2015,6
A Wednesday,2008,2
A Wednesday,2008,1
A Wednesday,2008,0
Gran Torino,2008,0
Harry Potter and the Deathly Hallows: Part 2,2011,3
Harry Potter and the Deathly Hallows: Part 2,2011,0
Harry Potter and the Deathly Hallows: Part 2,2011,9
Okuribito,2008,0
Okuribito,2008,16
Hachi: A Dog's Tale,2009,4
Hachi: A Dog's Tale,2009,0
Hachi: A Dog's Tale,2009,13
Mary and Max,2009,12
Mary and Max,2009,10
Mary and Max,2009,0
How to Train Your Dragon,2010,12
How to Train Your Dragon,2010,2
How to Train Your Dragon,2010,3
Into the Wild,2007,3
Into the Wild,2007,4
Into the Wild,2007,0
No Country for Old Men,2007,1
No Country for Old Men,2007,0
No Country for Old Men,2007,11
Lage Raho Munna Bhai,2006,10
Lage Raho Munna Bhai,2006,0
Lage Raho Munna Bhai,2006,7
Million Dollar Baby,2004,0
Million Dollar Baby,2004,20
Hotel Rwanda,2004,4
Hotel Rwanda,2004,0
Hotel Rwanda,2004,5
Taegukgi hwinalrimyeo,2004,2
Taegukgi hwinalrimyeo,2004,0
Taegukgi hwinalrimyeo,2004,14
Before Sunset,2004,0
Before Sunset,2004,7
Munna Bhai M.B.B.S.,2003,10
Munna Bhai M.B.B.S.,2003,0
Munna Bhai M.B.B.S.,2003,18
Salinui chueok,2003,1
Salinui chueok,2003,0
Salinui chueok,2003,15
Dil Chahta Hai,2001,10
Dil Chahta Hai,2001,0
Dil Chahta Hai,2001,7
Kill Bill: Vol. 1,2003,2
Kill Bill: Vol. 1,2003,1
Kill Bill: Vol. 1,2003,0
Finding Nemo,2003,12
Finding Nemo,2003,3
Finding Nemo,2003,10
Catch Me If You Can,2002,4
Catch Me If You Can,2002,1
Catch Me If You Can,2002,0
Amores perros,2000,0
Amores perros,2000,11
"Monsters, Inc.",2001,12
"Monsters, Inc.",2001,3
"Monsters, Inc.",2001,10
"Shin seiki Evangelion Gekijô-ban: Air/Magokoro wo, kimi ni",1997,12
"Shin seiki Evangelion Gekijô-ban: Air/Magokoro wo, kimi ni",1997,2
"Shin seiki Evangelion Gekijô-ban: Air/Magokoro wo, kimi ni",1997,0
Lagaan: Once Upon a Time in India,2001,3
Lagaan: Once Upon a Time in India,2001,0
Lagaan: Once Upon a Time in India,2001,18
The Sixth Sense,1999,0
The Sixth Sense,1999,15
The Sixth Sense,1999,11
La leggenda del pianista sull'oceano,1998,0
La leggenda del pianista sull'oceano,1998,16
La leggenda del pianista sull'oceano,1998,7
The Truman Show,1998,10
The Truman Show,1998,0
"Crna macka, beli macor",1998,10
"Crna macka, beli macor",1998,1
"Crna macka, beli macor",1998,7
The Big Lebowski,1998,10
The Big Lebowski,1998,1
The Big Lebowski,1998,20
Fa yeung nin wah,2000,0
Fa yeung nin wah,2000,7
Trainspotting,1996,0
Fargo,1996,1
Fargo,1996,0
Fargo,1996,11
Underground,1995,10
Underground,1995,0
Underground,1995,14
La haine,1995,1
La haine,1995,0
Dilwale Dulhania Le Jayenge,1995,0
Dilwale Dulhania Le Jayenge,1995,7
Before Sunrise,1995,0
Before Sunrise,1995,7
Trois couleurs: Rouge,1994,0
Trois couleurs: Rouge,1994,15
Trois couleurs: Rouge,1994,7
Chung Hing sam lam,1994,10
Chung Hing sam lam,1994,1
Chung Hing sam lam,1994,0
Jurassic Park,1993,2
Jurassic Park,1993,3
Jurassic Park,1993,6
In the Name of the Father,1993,4
In the Name of the Father,1993,1
In the Name of the Father,1993,0
Ba wang bie ji,1993,0
Ba wang bie ji,1993,16
Ba wang bie ji,1993,7
Dà hóng denglong gaogao guà,1991,0
Dà hóng denglong gaogao guà,1991,5
Dà hóng denglong gaogao guà,1991,7
Dead Poets Society,1989,10
Dead Poets Society,1989,0
Stand by Me,1986,3
Stand by Me,1986,0
Platoon,1986,0
Platoon,1986,14
"Paris, Texas",1984,0
Kaze no tani no Naushika,1984,12
Kaze no tani no Naushika,1984,3
Kaze no tani no Naushika,1984,9
The Thing,1982,17
The Thing,1982,15
The Thing,1982,6
Pink Floyd: The Wall,1982,0
Pink Floyd: The Wall,1982,9
Pink Floyd: The Wall,1982,16
Fitzcarraldo,1982,3
Fitzcarraldo,1982,0
Fanny och Alexander,1982,0
Blade Runner,1982,2
Blade Runner,1982,6
Blade Runner,1982,11
The Elephant Man,1980,4
The Elephant Man,1980,0
Life of Brian,1979,10
The Deer Hunter,1978,0
The Deer Hunter,1978,14
Rocky,1976,0
Rocky,1976,20
Network,1976,0
Barry Lyndon,1975,3
Barry Lyndon,1975,0
Barry Lyndon,1975,5
Zerkalo,1975,4
Zerkalo,1975,0
Chinatown,1974,0
Chinatown,1974,15
Chinatown,1974,11
Paper Moon,1973,10
Paper Moon,1973,1
Paper Moon,1973,0
Viskningar och rop,1972,0
Solaris,1972,0
Solaris,1972,15
Solaris,1972,6
Le samouraï,1967,1
Le samouraï,1967,0
Le samouraï,1967,15
Cool Hand Luke,1967,1
Cool Hand Luke,1967,0
Persona,1966,0
Persona,1966,11
Andrei Rublev,1966,4
Andrei Rublev,1966,0
Andrei Rublev,1966,5
La battaglia di Algeri,1966,0
La battaglia di Algeri,1966,14
El ángel exterminador,1962,0
El ángel exterminador,1962,9
What Ever Happened to Baby Jane?,1962,0
What Ever Happened to Baby Jane?,1962,17
What Ever Happened to Baby Jane?,1962,11
Sanjuro,1962,2
Sanjuro,1962,10
Sanjuro,1962,1
The Man Who Shot Liberty Valance,1962,0
The Man Who Shot Liberty Valance,1962,8
Ivanovo detstvo,1962,0
Ivanovo detstvo,1962,14
Jungfrukällan,1960,0
Inherit the Wind,1960,4
Inherit the Wind,1960,0
Inherit the Wind,1960,5
Les quatre cents coups,1959,1
Les quatre cents coups,1959,0
Ben-Hur,1959,3
Ben-Hur,1959,0
Ben-Hur,1959,5
Kakushi-toride no san-akunin,1958,3
Kakushi-toride no san-akunin,1958,0
Le notti di Cabiria,1957,0
Kumonosu-jô,1957,0
Kumonosu-jô,1957,5
The Bridge on the River Kwai,1957,3
The Bridge on the River Kwai,1957,0
The Bridge on the River Kwai,1957,14
On the Waterfront,1954,1
On the Waterfront,1954,0
On the Waterfront,1954,11
Le salaire de la peur,1953,3
Le salaire de la peur,1953,0
Le salaire de la peur,1953,11
Ace in the Hole,1951,0
Ace in the Hole,1951,19
White Heat,1949,2
White Heat,1949,1
White Heat,1949,0
The Third Man,1949,19
The Third Man,1949,15
The Third Man,1949,11
The Red Shoes,1948,0
The Red Shoes,1948,16
The Red Shoes,1948,7
The Shop Around the Corner,1940,10
The Shop Around the Corner,1940,0
The Shop Around the Corner,1940,7
Rebecca,1940,0
Rebecca,1940,15
Rebecca,1940,7
Mr. Smith Goes to Washington,1939,10
Mr. Smith Goes to Washington,1939,0
Gone with the Wind,1939,0
Gone with the Wind,1939,5
Gone with the Wind,1939,7
La Grande Illusion,1937,0
La Grande Illusion,1937,14
It Happened One Night,1934,10
It Happened One Night,1934,7
La passion de Jeanne d'Arc,1928,4
La passion de Jeanne d'Arc,1928,0
La passion de Jeanne d'Arc,1928,5
The Circus,1928,10
The Circus,1928,7
Sunrise: A Song of Two Humans,1927,0
Sunrise: A Song of Two Humans,1927,7
The General,1926,2
The General,1926,3
The General,1926,10
Das Cabinet des Dr. Caligari,1920,9
Das Cabinet des Dr. Caligari,1920,17
Das Cabinet des Dr. Caligari,1920,15
Badhaai ho,2018,10
Badhaai ho,2018,0
Togo,2019,3
Togo,2019,4
Togo,2019,0
Airlift,2016,0
Airlift,2016,5
Bajrangi Bhaijaan,2015,2
Bajrangi Bhaijaan,2015,3
Bajrangi Bhaijaan,2015,10
Baby,2015,2
Baby,2015,1
Baby,2015,11
La La Land,2016,10
La La Land,2016,0
La La Land,2016,16
Lion,2016,4
Lion,2016,0
The Martian,2015,3
The Martian,2015,0
The Martian,2015,6
Zootopia,2016,12
Zootopia,2016,3
Zootopia,2016,10
Bãhubali: The Beginning,2015,2
Bãhubali: The Beginning,2015,0
Kaguyahime no monogatari,2013,12
Kaguyahime no monogatari,2013,3
Kaguyahime no monogatari,2013,0
Wonder,2017,0
Wonder,2017,13
Gully Boy,2019,0
Gully Boy,2019,16
Gully Boy,2019,7
Special Chabbis,2013,1
Special Chabbis,2013,0
Special Chabbis,2013,11
Short Term 12,2013,0
Serbuan maut 2: Berandal,2014,2
Serbuan maut 2: Berandal,2014,1
Serbuan maut 2: Berandal,2014,11
The Imitation Game,2014,4
The Imitation Game,2014,0
The Imitation Game,2014,11
Guardians of the Galaxy,2014,2
Guardians of the Galaxy,2014,3
Guardians of the Galaxy,2014,10
Blade Runner 2049,2017,2
Blade Runner 2049,2017,0
Blade Runner 2049,2017,15
Her,2013,0
Her,2013,7
Her,2013,6
Bohemian Rhapsody,2018,4
Bohemian Rhapsody,2018,0
Bohemian Rhapsody,2018,16
The Revenant,2015,2
The Revenant,2015,3
The Revenant,2015,0
The Perks of Being a Wallflower,2012,0
The Perks of Being a Wallflower,2012,7
Tropa de Elite 2: O Inimigo Agora é Outro,2010,2
Tropa de Elite 2: O Inimigo Agora é Outro,2010,1
Tropa de Elite 2: O Inimigo Agora é Outro,2010,0
The King's Speech,2010,4
The King's Speech,2010,0
The King's Speech,2010,5
The Help,2011,0
Deadpool,2016,2
Deadpool,2016,3
Deadpool,2016,10
Darbareye Elly,2009,0
Darbareye Elly,2009,15
Dev.D,2009,0
Dev.D,2009,7
Yip Man,2008,2
Yip Man,2008,4
Yip Man,2008,0
My Name Is Khan,2010,0
Nefes: Vatan Sagolsun,2009,2
Nefes: Vatan Sagolsun,2009,0
Nefes: Vatan Sagolsun,2009,11
Slumdog Millionaire,2008,0
Slumdog Millionaire,2008,7
Black Swan,2010,0
Black Swan,2010,11
Tropa de Elite,2007,2
Tropa de Elite,2007,1
Tropa de Elite,2007,0
The Avengers,2012,2
The Avengers,2012,3
The Avengers,2012,6
Persepolis,2007,12
Persepolis,2007,4
Persepolis,2007,0
Dallas Buyers Club,2013,4
Dallas Buyers Club,2013,0
The Pursuit of Happyness,2006,4
The Pursuit of Happyness,2006,0
Blood Diamond,2006,3
Blood Diamond,2006,0
Blood Diamond,2006,11
The Bourne Ultimatum,2007,2
The Bourne Ultimatum,2007,15
The Bourne Ultimatum,2007,11
Bin-jip,2004,1
Bin-jip,2004,0
Bin-jip,2004,7
Sin City,2005,1
Sin City,2005,11
Le scaphandre et le papillon,2007,4
Le scaphandre et le papillon,2007,0
G.O.R.A.,2004,3
G.O.R.A.,2004,10
G.O.R.A.,2004,6
Ratatouille,2007,12
Ratatouille,2007,3
Ratatouille,2007,10
Casino Royale,2006,2
Casino Royale,2006,3
Casino Royale,2006,11
Kill Bill: Vol. 2,2004,2
Kill Bill: Vol. 2,2004,1
Kill Bill: Vol. 2,2004,11
Vozvrashchenie,2003,0
Bom Yeoareum Gaeul Gyeoul Geurigo Bom,2003,0
Bom Yeoareum Gaeul Gyeoul Geurigo Bom,2003,7
Mar adentro,2014,4
Mar adentro,2014,0
Cinderella Man,2005,4
Cinderella Man,2005,0
Cinderella Man,2005,5
Kal Ho Naa Ho,2003,10
Kal Ho Naa Ho,2003,0
Kal Ho Naa Ho,2003,18
Mou gaan dou,2002,2
Mou gaan dou,2002,1
Mou gaan dou,2002,0
Pirates of the Caribbean: The Curse of the Black Pearl,2003,2
Pirates of the Caribbean: The Curse of the Black Pearl,2003,3
Pirates of the Caribbean: The Curse of the Black Pearl,2003,9
Big Fish,2003,3
Big Fish,2003,0
Big Fish,2003,9
The Incredibles,2004,12
The Incredibles,2004,2
The Incredibles,2004,3
Yeopgijeogin geunyeo,2001,10
Yeopgijeogin geunyeo,2001,0
Yeopgijeogin geunyeo,2001,7
Dogville,2003,1
Dogville,2003,0
Vizontele,2001,10
Vizontele,2001,0
Donnie Darko,2001,0
Donnie Darko,2001,15
Donnie Darko,2001,6
Magnolia,1999,0
Dancer in the Dark,2000,1
Dancer in the Dark,2000,0
Dancer in the Dark,2000,18
The Straight Story,1999,4
The Straight Story,1999,0
Pâfekuto burû,1997,12
Pâfekuto burû,1997,1
Pâfekuto burû,1997,15
Festen,1998,0
Central do Brasil,1998,0
The Iron Giant,1999,12
The Iron Giant,1999,2
The Iron Giant,1999,3
Knockin' on Heaven's Door,1997,2
Knockin' on Heaven's Door,1997,1
Knockin' on Heaven's Door,1997,10
Sling Blade,1996,0
Secrets & Lies,1996,10
Secrets & Lies,1996,0
Twelve Monkeys,1995,15
Twelve Monkeys,1995,6
Twelve Monkeys,1995,11
Kôkaku Kidôtai,1995,12
Kôkaku Kidôtai,1995,2
Kôkaku Kidôtai,1995,1
The Nightmare Before Christmas,1993,12
The Nightmare Before Christmas,1993,13
The Nightmare Before Christmas,1993,9
Groundhog Day,1993,10
Groundhog Day,1993,9
Groundhog Day,1993,7
Bound by Honor,1993,1
Bound by Honor,1993,0
Scent of a Woman,1992,0
Aladdin,1992,12
Aladdin,1992,3
Aladdin,1992,10
JFK,1991,0
JFK,1991,5
JFK,1991,11
Beauty and the Beast,1991,12
Beauty and the Beast,1991,13
Beauty and the Beast,1991,9
Dances with Wolves,1990,3
Dances with Wolves,1990,0
Dances with Wolves,1990,8
Do the Right Thing,1989,10
Do the Right Thing,1989,0
Rain Man,1988,0
Akira,1988,12
Akira,1988,2
Akira,1988,6
The Princess Bride,1987,3
The Princess Bride,1987,13
The Princess Bride,1987,9
Der Himmel über Berlin,1987,0
Der Himmel über Berlin,1987,9
Der Himmel über Berlin,1987,7
Au revoir les enfants,1987,0
Au revoir les enfants,1987,14
Tenkû no shiro Rapyuta,1986,12
Tenkû no shiro Rapyuta,1986,3
Tenkû no shiro Rapyuta,1986,0
The Terminator,1984,2
The Terminator,1984,6
Gandhi,1982,4
Gandhi,1982,0
Gandhi,1982,5
Kagemusha,1980,0
Kagemusha,1980,5
Kagemusha,1980,14
Being There,1979,10
Being There,1979,0
Annie Hall,1977,10
Annie Hall,1977,7
Jaws,1975,3
Jaws,1975,11
Dog Day Afternoon,1975,4
Dog Day Afternoon,1975,1
Dog Day Afternoon,1975,0
Young Frankenstein,1974,10
Papillon,1973,4
Papillon,1973,1
Papillon,1973,0
The Exorcist,1973,17
Sleuth,1972,15
Sleuth,1972,11
The Last Picture Show,1971,0
The Last Picture Show,1971,7
Fiddler on the Roof,1971,0
Fiddler on the Roof,1971,13
Fiddler on the Roof,1971,18
Il conformista,1970,0
Butch Cassidy and the Sundance Kid,1969,4
Butch Cassidy and the Sundance Kid,1969,1
Butch Cassidy and the Sundance Kid,1969,0
Rosemary's Baby,1968,0
Rosemary's Baby,1968,17
Planet of the Apes,1968,3
Planet of the Apes,1968,6
The Graduate,1967,10
The Graduate,1967,0
The Graduate,1967,7
Who's Afraid of Virginia Woolf?,1966,0
The Sound of Music,1965,4
The Sound of Music,1965,0
The Sound of Music,1965,13
Doctor Zhivago,1965,0
Doctor Zhivago,1965,7
Doctor Zhivago,1965,14
Per un pugno di dollari,1964,2
Per un pugno di dollari,1964,0
Per un pugno di dollari,1964,8
8½,1963,0
Vivre sa vie: Film en douze tableaux,1962,0
The Hustler,1961,0
The Hustler,1961,20
La dolce vita,1960,10
La dolce vita,1960,0
Rio Bravo,1959,2
Rio Bravo,1959,0
Rio Bravo,1959,8
Anatomy of a Murder,1959,1
Anatomy of a Murder,1959,0
Anatomy of a Murder,1959,15
Touch of Evil,1958,1
Touch of Evil,1958,0
Touch of Evil,1958,19
Cat on a Hot Tin Roof,1958,0
Sweet Smell of Success,1957,0
Sweet Smell of Success,1957,19
The Killing,1956,1
The Killing,1956,0
The Killing,1956,19
The Night of the Hunter,1955,1
The Night of the Hunter,1955,0
The Night of the Hunter,1955,19
La Strada,1954,0
Les diaboliques,1955,1
Les diaboliques,1955,0
Les diaboliques,1955,17
Stalag 17,1953,10
Stalag 17,1953,0
Stalag 17,1953,14
Roman Holiday,1953,10
Roman Holiday,1953,7
A Streetcar Named Desire,1951,0
In a Lonely Place,1950,0
In a Lonely Place,1950,19
In a Lonely Place,1950,15
Kind Hearts and Coronets,1949,10
Kind Hearts and Coronets,1949,1
Rope,1948,1
Rope,1948,0
Rope,1948,15
Out of the Past,1947,1
Out of the Past,1947,0
Out of the Past,1947,19
Brief Encounter,1945,0
Brief Encounter,1945,7
Laura,1944,0
Laura,1944,19
Laura,1944,15
The Best Years of Our Lives,1946,0
The Best Years of Our Lives,1946,7
The Best Years of Our Lives,1946,14
Arsenic and Old Lace,1942,10
Arsenic and Old Lace,1942,1
Arsenic and Old Lace,1942,11
The Maltese Falcon,1941,19
The Maltese Falcon,1941,15
The Grapes of Wrath,1940,0
The Grapes of Wrath,1940,5
The Wizard of Oz,1939,3
The Wizard of Oz,1939,13
The Wizard of Oz,1939,9
La règle du jeu,1939,10
La règle du jeu,1939,0
The Thin Man,1934,10
The Thin Man,1934,1
The Thin Man,1934,15
All Quiet on the Western Front,1930,0
All Quiet on the Western Front,1930,14
Bronenosets Potemkin,1925,0
Bronenosets Potemkin,1925,5
Bronenosets Potemkin,1925,11
Knives Out,2019,10
Knives Out,2019,1
Knives Out,2019,0
Dil Bechara,2020,10
Dil Bechara,2020,0
Dil Bechara,2020,7
Manbiki kazoku,2018,1
Manbiki kazoku,2018,0
Marriage Story,2019,10
Marriage Story,2019,0
Marriage Story,2019,7
Call Me by Your Name,2017,0
Call Me by Your Name,2017,7
"I, Daniel Blake",2016,0
Isle of Dogs,2018,12
Isle of Dogs,2018,3
Isle of Dogs,2018,10
Hunt for the Wilderpeople,2016,3
Hunt for the Wilderpeople,2016,10
Hunt for the Wilderpeople,2016,0
Captain Fantastic,2016,10
Captain Fantastic,2016,0
Sing Street,2016,10
Sing Street,2016,0
Sing Street,2016,16
Thor: Ragnarok,2017,2
Thor: Ragnarok,2017,3
Thor: Ragnarok,2017,10
Nightcrawler,2014,1
Nightcrawler,2014,0
Nightcrawler,2014,11
Jojo Rabbit,2019,10
Jojo Rabbit,2019,0
Jojo Rabbit,2019,14
Arrival,2016,0
Arrival,2016,6
Star Wars: Episode VII - The Force Awakens,2015,2
Star Wars: Episode VII - The Force Awakens,2015,3
Star Wars: Episode VII - The Force Awakens,2015,6
Before Midnight,2013,0
Before Midnight,2013,7
X-Men: Days of Future Past,2014,2
X-Men: Days of Future Past,2014,3
X-Men: Days of Future Past,2014,6
Bir Zamanlar Anadolu'da,2011,1
Bir Zamanlar Anadolu'da,2011,0
The Artist,2011,10
The Artist,2011,0
The Artist,2011,7
Edge of Tomorrow,2014,2
Edge of Tomorrow,2014,3
Edge of Tomorrow,2014,6
Amour,2012,0
Amour,2012,7
The Irishman,2019,4
The Irishman,2019,1
The Irishman,2019,0
Un prophète,2009,1
Un prophète,2009,0
Moon,2009,0
Moon,2009,15
Moon,2009,6
Låt den rätte komma in,2008,1
Låt den rätte komma in,2008,0
Låt den rätte komma in,2008,9
District 9,2009,2
District 9,2009,6
District 9,2009,11
The Wrestler,2008,0
The Wrestler,2008,20
Jab We Met,2007,10
Jab We Met,2007,0
Jab We Met,2007,7
Boyhood,2014,0
"4 luni, 3 saptamâni si 2 zile",2007,0
Star Trek,2009,2
Star Trek,2009,3
Star Trek,2009,6
In Bruges,2008,10
In Bruges,2008,1
In Bruges,2008,0
The Man from Earth,2007,0
The Man from Earth,2007,9
The Man from Earth,2007,15
Letters from Iwo Jima,2006,2
Letters from Iwo Jima,2006,3
Letters from Iwo Jima,2006,0
The Fall,2006,3
The Fall,2006,0
The Fall,2006,9
Life of Pi,2012,3
Life of Pi,2012,0
Life of Pi,2012,9
Fantastic Mr. Fox,2009,12
Fantastic Mr. Fox,2009,3
Fantastic Mr. Fox,2009,10
C.R.A.Z.Y.,2005,10
C.R.A.Z.Y.,2005,0
Les choristes,2004,0
Les choristes,2004,16
Iron Man,2008,2
Iron Man,2008,3
Iron Man,2008,6
Shaun of the Dead,2004,10
Shaun of the Dead,2004,17
Gegen die Wand,2004,0
Gegen die Wand,2004,7
Mystic River,2003,1
Mystic River,2003,0
Mystic River,2003,15
Harry Potter and the Prisoner of Azkaban,2004,3
Harry Potter and the Prisoner of Azkaban,2004,13
Harry Potter and the Prisoner of Azkaban,2004,9
Ying xiong,2002,2
Ying xiong,2002,3
Ying xiong,2002,5
Hable con ella,2002,0
Hable con ella,2002,15
Hable con ella,2002,7
No Man's Land,2001,10
No Man's Land,2001,0
No Man's Land,2001,14
Cowboy Bebop: Tengoku no tobira,2001,12
Cowboy Bebop: Tengoku no tobira,2001,2
Cowboy Bebop: Tengoku no tobira,2001,1
The Bourne Identity,2002,2
The Bourne Identity,2002,15
The Bourne Identity,2002,11
Nueve reinas,2000,1
Nueve reinas,2000,0
Nueve reinas,2000,11
Children of Men,2006,3
Children of Men,2006,0
Children of Men,2006,6
Almost Famous,2000,3
Almost Famous,2000,10
Almost Famous,2000,0
Mulholland Dr.,2001,0
Mulholland Dr.,2001,15
Mulholland Dr.,2001,11
Toy Story 2,1999,12
Toy Story 2,1999,3
Toy Story 2,1999,10
Boogie Nights,1997,0
Mimi wo sumaseba,1995,12
Mimi wo sumaseba,1995,0
Mimi wo sumaseba,1995,13
Once Were Warriors,1994,1
Once Were Warriors,1994,0
True Romance,1993,1
True Romance,1993,0
True Romance,1993,7
Trois couleurs: Bleu,1993,0
Trois couleurs: Bleu,1993,16
Trois couleurs: Bleu,1993,15
Jûbê ninpûchô,1993,12
Jûbê ninpûchô,1993,2
Jûbê ninpûchô,1993,3
Carlito's Way,1993,1
Carlito's Way,1993,0
Carlito's Way,1993,11
Edward Scissorhands,1990,0
Edward Scissorhands,1990,9
Edward Scissorhands,1990,7
My Left Foot: The Story of Christy Brown,1989,4
My Left Foot: The Story of Christy Brown,1989,0
Crimes and Misdemeanors,1989,10
Crimes and Misdemeanors,1989,0
The Untouchables,1987,1
The Untouchables,1987,0
The Untouchables,1987,11
Hannah and Her Sisters,1986,10
Hannah and Her Sisters,1986,0
Brazil,1985,0
Brazil,1985,6
This Is Spinal Tap,1984,10
This Is Spinal Tap,1984,16
A Christmas Story,1983,10
A Christmas Story,1983,13
The Blues Brothers,1980,2
The Blues Brothers,1980,3
The Blues Brothers,1980,10
Manhattan,1979,10
Manhattan,1979,0
Manhattan,1979,7
All That Jazz,1979,0
All That Jazz,1979,16
All That Jazz,1979,18
Dawn of the Dead,1978,2
Dawn of the Dead,1978,3
Dawn of the Dead,1978,17
All the President's Men,1976,4
All the President's Men,1976,0
All the President's Men,1976,5
La montaña sagrada,1973,3
La montaña sagrada,1973,0
La montaña sagrada,1973,9
Amarcord,1973,10
Amarcord,1973,0
Amarcord,1973,13
Le charme discret de la bourgeoisie,1972,10
"Aguirre, der Zorn Gottes",1972,2
"Aguirre, der Zorn Gottes",1972,3
"Aguirre, der Zorn Gottes",1972,4
Harold and Maude,1971,10
Harold and Maude,1971,0
Harold and Maude,1971,7
Patton,1970,4
Patton,1970,0
Patton,1970,14
The Wild Bunch,1969,2
The Wild Bunch,1969,3
The Wild Bunch,1969,8
Night of the Living Dead,1968,17
Night of the Living Dead,1968,11
The Lion in Winter,1968,4
The Lion in Winter,1968,0
The Lion in Winter,1968,5
In the Heat of the Night,1967,1
In the Heat of the Night,1967,0
In the Heat of the Night,1967,15
Charade,1963,10
Charade,1963,15
Charade,1963,7
The Manchurian Candidate,1962,0
The Manchurian Candidate,1962,11
Spartacus,1960,3
Spartacus,1960,4
Spartacus,1960,0
L'avventura,1960,0
L'avventura,1960,15
Hiroshima mon amour,1959,0
Hiroshima mon amour,1959,7
The Ten Commandments,1956,3
The Ten Commandments,1956,0
The Searchers,1956,3
The Searchers,1956,0
The Searchers,1956,8
East of Eden,1955,0
High Noon,1952,0
High Noon,1952,11
High Noon,1952,8
Strangers on a Train,1951,1
Strangers on a Train,1951,19
Strangers on a Train,1951,11
Harvey,1950,10
Harvey,1950,0
Harvey,1950,9
Miracle on 34th Street,1947,10
Miracle on 34th Street,1947,0
Miracle on 34th Street,1947,13
Notorious,1946,0
Notorious,1946,19
Notorious,1946,7
The Big Sleep,1946,1
The Big Sleep,1946,19
The Big Sleep,1946,15
The Lost Weekend,1945,0
The Lost Weekend,1945,19
The Philadelphia Story,1940,10
The Philadelphia Story,1940,7
His Girl Friday,1940,10
His Girl Friday,1940,0
His Girl Friday,1940,7
The Adventures of Robin Hood,1938,2
The Adventures of Robin Hood,1938,3
The Adventures of Robin Hood,1938,7
A Night at the Opera,1935,10
A Night at the Opera,1935,16
A Night at the Opera,1935,18
King Kong,1933,3
King Kong,1933,17
King Kong,1933,6
Freaks,1932,0
Freaks,1932,17
Nosferatu,1922,9
Nosferatu,1922,17
The Gentlemen,2019,2
The Gentlemen,2019,10
The Gentlemen,2019,1
Raazi,2018,2
Raazi,2018,0
Raazi,2018,11
Sound of Metal,2019,0
Sound of Metal,2019,16
Forushande,2016,0
Dunkirk,2017,2
Dunkirk,2017,0
Dunkirk,2017,5
Perfetti sconosciuti,2016,10
Perfetti sconosciuti,2016,0
Hidden Figures,2016,4
Hidden Figures,2016,0
Hidden Figures,2016,5
Paddington 2,2017,3
Paddington 2,2017,10
Paddington 2,2017,13
Udta Punjab,2016,2
Udta Punjab,2016,1
Udta Punjab,2016,0
Kubo and the Two Strings,2016,12
Kubo and the Two Strings,2016,2
Kubo and the Two Strings,2016,3
M.S. Dhoni: The Untold Story,2016,4
M.S. Dhoni: The Untold Story,2016,0
M.S. Dhoni: The Untold Story,2016,20
Manchester by the Sea,2016,0
Under sandet,2015,0
Under sandet,2015,5
Under sandet,2015,14
Rogue One,2016,2
Rogue One,2016,3
Rogue One,2016,6
Captain America: Civil War,2016,2
Captain America: Civil War,2016,3
Captain America: Civil War,2016,6
The Hateful Eight,2015,1
The Hateful Eight,2015,0
The Hateful Eight,2015,15
Little Women,2019,0
Little Women,2019,7
Loving Vincent,2017,12
Loving Vincent,2017,4
Loving Vincent,2017,1
Pride,2014,4
Pride,2014,10
Pride,2014,0
Le passé,2013,0
Le passé,2013,15
La grande bellezza,2013,0
The Lunchbox,2013,0
The Lunchbox,2013,7
Vicky Donor,2012,10
Vicky Donor,2012,7
Big Hero 6,2014,12
Big Hero 6,2014,2
Big Hero 6,2014,3
About Time,2013,10
About Time,2013,0
About Time,2013,9
English Vinglish,2012,10
English Vinglish,2012,0
English Vinglish,2012,13
Kaze tachinu,2013,12
Kaze tachinu,2013,4
Kaze tachinu,2013,0
Toy Story 4,2019,12
Toy Story 4,2019,3
Toy Story 4,2019,10
La migliore offerta,2013,1
La migliore offerta,2013,0
La migliore offerta,2013,15
Moonrise Kingdom,2012,10
Moonrise Kingdom,2012,0
Moonrise Kingdom,2012,7
How to Train Your Dragon 2,2014,12
How to Train Your Dragon 2,2014,2
How to Train Your Dragon 2,2014,3
The Big Short,2015,4
The Big Short,2015,10
The Big Short,2015,0
Kokuhaku,2010,0
Kokuhaku,2010,11
Ang-ma-reul bo-at-da,2010,2
Ang-ma-reul bo-at-da,2010,1
Ang-ma-reul bo-at-da,2010,0
The Girl with the Dragon Tattoo,2011,1
The Girl with the Dragon Tattoo,2011,0
The Girl with the Dragon Tattoo,2011,15
Captain Phillips,2013,3
Captain Phillips,2013,4
Captain Phillips,2013,1
Ajeossi,2010,2
Ajeossi,2010,1
Ajeossi,2010,0
Straight Outta Compton,2015,4
Straight Outta Compton,2015,0
Straight Outta Compton,2015,5
Madeo,2009,1
Madeo,2009,0
Madeo,2009,15
Chugyeokja,2008,2
Chugyeokja,2008,1
Chugyeokja,2008,11
The Hobbit: The Desolation of Smaug,2013,3
The Hobbit: The Desolation of Smaug,2013,9
Das weiße Band - Eine deutsche Kindergeschichte,2009,0
Das weiße Band - Eine deutsche Kindergeschichte,2009,5
Das weiße Band - Eine deutsche Kindergeschichte,2009,15
Män som hatar kvinnor,2009,1
Män som hatar kvinnor,2009,0
Män som hatar kvinnor,2009,15
The Trial of the Chicago 7,2020,0
The Trial of the Chicago 7,2020,5
The Trial of the Chicago 7,2020,11
Druk,2020,10
Druk,2020,0
The Fighter,2010,4
The Fighter,2010,0
The Fighter,2010,20
Taken,2008,2
Taken,2008,11
The Boy in the Striped Pyjamas,2008,0
The Boy in the Striped Pyjamas,2008,5
The Boy in the Striped Pyjamas,2008,14
Once,2007,0
Once,2007,16
Once,2007,7
The Hobbit: An Unexpected Journey,2012,3
The Hobbit: An Unexpected Journey,2012,9
Auf der anderen Seite,2007,0
Atonement,2007,0
Atonement,2007,15
Atonement,2007,7
Drive,2011,1
Drive,2011,0
American Gangster,2007,4
American Gangster,2007,1
American Gangster,2007,0
Avatar,2009,2
Avatar,2009,3
Avatar,2009,9
Mr. Nobody,2009,0
Mr. Nobody,2009,9
Mr. Nobody,2009,7
Apocalypto,2006,2
Apocalypto,2006,3
Apocalypto,2006,0
Little Miss Sunshine,2006,10
Little Miss Sunshine,2006,0
Hot Fuzz,2007,2
Hot Fuzz,2007,10
Hot Fuzz,2007,15
The Curious Case of Benjamin Button,2008,0
The Curious Case of Benjamin Button,2008,9
The Curious Case of Benjamin Button,2008,7
Veer-Zaara,2004,0
Veer-Zaara,2004,13
Veer-Zaara,2004,18
Adams æbler,2005,10
Adams æbler,2005,1
Adams æbler,2005,0
Pride & Prejudice,2005,0
Pride & Prejudice,2005,7
The World's Fastest Indian,2005,4
The World's Fastest Indian,2005,0
The World's Fastest Indian,2005,20
Tôkyô goddofâzâzu,2003,12
Tôkyô goddofâzâzu,2003,3
Tôkyô goddofâzâzu,2003,10
Serenity,2005,2
Serenity,2005,3
Serenity,2005,6
Walk the Line,2005,4
Walk the Line,2005,0
Walk the Line,2005,16
Ondskan,2003,0
The Notebook,2004,0
The Notebook,2004,7
Diarios de motocicleta,2004,3
Diarios de motocicleta,2004,4
Diarios de motocicleta,2004,0
Lilja 4-ever,2002,1
Lilja 4-ever,2002,0
Les triplettes de Belleville,2003,12
Les triplettes de Belleville,2003,10
Les triplettes de Belleville,2003,0
Gongdong gyeongbi guyeok JSA,2000,2
Gongdong gyeongbi guyeok JSA,2000,0
Gongdong gyeongbi guyeok JSA,2000,11
The Count of Monte Cristo,2002,2
The Count of Monte Cristo,2002,3
The Count of Monte Cristo,2002,0
Waking Life,2001,12
Waking Life,2001,0
Waking Life,2001,9
Remember the Titans,2000,4
Remember the Titans,2000,0
Remember the Titans,2000,20
Wo hu cang long,2000,2
Wo hu cang long,2000,3
Wo hu cang long,2000,9
Todo sobre mi madre,1999,0
Cast Away,2000,3
Cast Away,2000,0
Cast Away,2000,7
The Boondock Saints,1999,2
The Boondock Saints,1999,1
The Boondock Saints,1999,11
The Insider,1999,4
The Insider,1999,0
The Insider,1999,11
October Sky,1999,4
October Sky,1999,0
October Sky,1999,13
Shrek,2001,12
Shrek,2001,3
Shrek,2001,10
Titanic,1997,0
Titanic,1997,7
Hana-bi,1997,1
Hana-bi,1997,0
Hana-bi,1997,7
Gattaca,1997,0
Gattaca,1997,6
Gattaca,1997,11
The Game,1997,2
The Game,1997,0
The Game,1997,15
Breaking the Waves,1996,0
Ed Wood,1994,4
Ed Wood,1994,10
Ed Wood,1994,0
What's Eating Gilbert Grape,1993,0
Tombstone,1993,2
Tombstone,1993,4
Tombstone,1993,0
The Sandlot,1993,10
The Sandlot,1993,0
The Sandlot,1993,13
The Remains of the Day,1993,0
The Remains of the Day,1993,7
Naked,1993,10
Naked,1993,0
The Fugitive,1993,2
The Fugitive,1993,1
The Fugitive,1993,0
A Bronx Tale,1993,1
A Bronx Tale,1993,0
A Bronx Tale,1993,7
Batman: Mask of the Phantasm,1993,12
Batman: Mask of the Phantasm,1993,2
Batman: Mask of the Phantasm,1993,1
Lat sau san taam,1992,2
Lat sau san taam,1992,1
Lat sau san taam,1992,11
Night on Earth,1991,10
Night on Earth,1991,0
La double vie de Véronique,1991,0
La double vie de Véronique,1991,9
La double vie de Véronique,1991,16
Boyz n the Hood,1991,1
Boyz n the Hood,1991,0
Misery,1990,0
Misery,1990,11
Awakenings,1990,4
Awakenings,1990,0
Majo no takkyûbin,1989,12
Majo no takkyûbin,1989,3
Majo no takkyûbin,1989,0
Glory,1989,4
Glory,1989,0
Glory,1989,5
Dip huet seung hung,1989,2
Dip huet seung hung,1989,1
Dip huet seung hung,1989,0
Back to the Future Part II,1989,3
Back to the Future Part II,1989,10
Back to the Future Part II,1989,6
Mississippi Burning,1988,1
Mississippi Burning,1988,0
Mississippi Burning,1988,5
Predator,1987,2
Predator,1987,3
Predator,1987,6
Evil Dead II,1987,2
Evil Dead II,1987,10
Evil Dead II,1987,9
Ferris Bueller's Day Off,1986,10
Down by Law,1986,10
Down by Law,1986,1
Down by Law,1986,0
The Goonies,1985,3
The Goonies,1985,10
The Goonies,1985,13
The Color Purple,1985,0
The Breakfast Club,1985,10
The Breakfast Club,1985,0
The Killing Fields,1984,4
The Killing Fields,1984,0
The Killing Fields,1984,5
Ghostbusters,1984,2
Ghostbusters,1984,10
Ghostbusters,1984,9
The Right Stuff,1983,3
The Right Stuff,1983,4
The Right Stuff,1983,0
The King of Comedy,1982,10
The King of Comedy,1982,1
The King of Comedy,1982,0
E.T. the Extra-Terrestrial,1982,13
E.T. the Extra-Terrestrial,1982,6
Kramer vs. Kramer,1979,0
Days of Heaven,1978,0
Days of Heaven,1978,7
The Outlaw Josey Wales,1976,8
The Man Who Would Be King,1975,3
The Man Who Would Be King,1975,5
The Man Who Would Be King,1975,14
The Conversation,1974,0
The Conversation,1974,15
The Conversation,1974,11
La planète sauvage,1973,12
La planète sauvage,1973,6
The Day of the Jackal,1973,1
The Day of the Jackal,1973,0
The Day of the Jackal,1973,11
Badlands,1973,2
Badlands,1973,1
Badlands,1973,0
Cabaret,1972,0
Cabaret,1972,16
Cabaret,1972,18
Willy Wonka & the Chocolate Factory,1971,13
Willy Wonka & the Chocolate Factory,1971,9
Willy Wonka & the Chocolate Factory,1971,18
Midnight Cowboy,1969,0
Wait Until Dark,1967,11
Guess Who's Coming to Dinner,1967,10
Guess Who's Coming to Dinner,1967,0
Bonnie and Clyde,1967,2
Bonnie and Clyde,1967,4
Bonnie and Clyde,1967,1
My Fair Lady,1964,0
My Fair Lady,1964,13
My Fair Lady,1964,18
Mary Poppins,1964,10
Mary Poppins,1964,13
Mary Poppins,1964,9
The Longest Day,1962,2
The Longest Day,1962,0
The Longest Day,1962,5
Jules et Jim,1962,0
Jules et Jim,1962,7
The Innocents,1961,17
À bout de souffle,1960,1
À bout de souffle,1960,0
Red River,1948,2
Red River,1948,3
Red River,1948,0
Key Largo,1948,2
Key Largo,1948,1
Key Largo,1948,0
To Have and Have Not,1944,3
To Have and Have Not,1944,10
To Have and Have Not,1944,19
Shadow of a Doubt,1943,19
Shadow of a Doubt,1943,11
Stagecoach,1939,3
Stagecoach,1939,0
Stagecoach,1939,8
The Lady Vanishes,1938,15
The Lady Vanishes,1938,11
Bringing Up Baby,1938,10
Bringing Up Baby,1938,13
Bringing Up Baby,1938,7
Bride of Frankenstein,1935,0
Bride of Frankenstein,1935,17
Bride of Frankenstein,1935,6
Duck Soup,1933,10
Duck Soup,1933,18
Duck Soup,1933,14
Scarface: The Shame of the Nation,1932,2
Scarface: The Shame of the Nation,1932,1
Scarface: The Shame of the Nation,1932,0
Frankenstein,1931,0
Frankenstein,1931,17
Frankenstein,1931,6
Roma,2018,0
God's Own Country,2017,0
God's Own Country,2017,7
Deadpool 2,2018,2
Deadpool 2,2018,3
Deadpool 2,2018,10
Wind River,2017,1
Wind River,2017,0
Wind River,2017,15
Get Out,2017,17
Get Out,2017,15
Get Out,2017,11
Mission: Impossible - Fallout,2018,2
Mission: Impossible - Fallout,2018,3
Mission: Impossible - Fallout,2018,11
En man som heter Ove,2015,10
En man som heter Ove,2015,0
En man som heter Ove,2015,7
What We Do in the Shadows,2014,10
What We Do in the Shadows,2014,17
Omoide no Mânî,2014,12
Omoide no Mânî,2014,0
Omoide no Mânî,2014,13
The Theory of Everything,2014,4
The Theory of Everything,2014,0
The Theory of Everything,2014,7
Kingsman: The Secret Service,2014,2
Kingsman: The Secret Service,2014,3
Kingsman: The Secret Service,2014,10
The Fault in Our Stars,2014,0
The Fault in Our Stars,2014,7
Me and Earl and the Dying Girl,2015,10
Me and Earl and the Dying Girl,2015,0
Birdman or (The Unexpected Virtue of Ignorance),2014,10
Birdman or (The Unexpected Virtue of Ignorance),2014,0
La vie d'Adèle,2013,0
La vie d'Adèle,2013,7
Kai po che!,2013,0
Kai po che!,2013,20
The Broken Circle Breakdown,2012,0
The Broken Circle Breakdown,2012,16
The Broken Circle Breakdown,2012,7
Captain America: The Winter Soldier,2014,2
Captain America: The Winter Soldier,2014,3
Captain America: The Winter Soldier,2014,6
Rockstar,2011,0
Rockstar,2011,16
Rockstar,2011,18
Nebraska,2013,3
Nebraska,2013,10
Nebraska,2013,0
Wreck-It Ralph,2012,12
Wreck-It Ralph,2012,3
Wreck-It Ralph,2012,10
Le Petit Prince,2015,12
Le Petit Prince,2015,3
Le Petit Prince,2015,0
Detachment,2011,0
Midnight in Paris,2011,10
Midnight in Paris,2011,9
Midnight in Paris,2011,7
The Lego Movie,2014,12
The Lego Movie,2014,2
The Lego Movie,2014,3
Gravity,2013,0
Gravity,2013,6
Gravity,2013,11
Star Trek Into Darkness,2013,2
Star Trek Into Darkness,2013,3
Star Trek Into Darkness,2013,6
Beasts of No Nation,2015,0
Beasts of No Nation,2015,14
The Social Network,2010,4
The Social Network,2010,0
X: First Class,2011,2
X: First Class,2011,3
X: First Class,2011,6
The Hangover,2009,10
Skyfall,2012,2
Skyfall,2012,3
Skyfall,2012,11
Silver Linings Playbook,2012,10
Silver Linings Playbook,2012,0
Silver Linings Playbook,2012,7
Argo,2012,4
Argo,2012,0
Argo,2012,11
(500) Days of Summer,2009,10
(500) Days of Summer,2009,0
(500) Days of Summer,2009,7
Harry Potter and the Deathly Hallows: Part 1,2010,3
Harry Potter and the Deathly Hallows: Part 1,2010,13
Harry Potter and the Deathly Hallows: Part 1,2010,9
Gake no ue no Ponyo,2008,12
Gake no ue no Ponyo,2008,3
Gake no ue no Ponyo,2008,10
Frost/Nixon,2008,4
Frost/Nixon,2008,0
Frost/Nixon,2008,5
Papurika,2006,12
Papurika,2006,0
Papurika,2006,9
Changeling,2008,4
Changeling,2008,1
Changeling,2008,0
Flipped,2010,10
Flipped,2010,0
Flipped,2010,7
Toki o kakeru shôjo,2006,12
Toki o kakeru shôjo,2006,3
Toki o kakeru shôjo,2006,10
Death Note: Desu nôto,2006,1
Death Note: Desu nôto,2006,0
Death Note: Desu nôto,2006,9
This Is England,2006,1
This Is England,2006,0
Ex Machina,2014,0
Ex Machina,2014,6
Ex Machina,2014,11
Efter brylluppet,2006,0
The Last King of Scotland,2006,4
The Last King of Scotland,2006,0
The Last King of Scotland,2006,5
Zodiac,2007,1
Zodiac,2007,0
Zodiac,2007,15
Lucky Number Slevin,2006,2
Lucky Number Slevin,2006,1
Lucky Number Slevin,2006,0
Joyeux Noël,2005,0
Joyeux Noël,2005,5
Joyeux Noël,2005,16
Control,2007,4
Control,2007,0
Control,2007,16
Tangled,2010,12
Tangled,2010,3
Tangled,2010,10
Zwartboek,2006,0
Zwartboek,2006,11
Zwartboek,2006,14
Brokeback Mountain,2005,0
Brokeback Mountain,2005,7
3:10 to Yuma,2007,2
3:10 to Yuma,2007,1
3:10 to Yuma,2007,0
Crash,2004,1
Crash,2004,0
Crash,2004,11
Kung fu,2004,2
Kung fu,2004,10
Kung fu,2004,9
The Bourne Supremacy,2004,2
The Bourne Supremacy,2004,15
The Bourne Supremacy,2004,11
The Machinist,2004,0
The Machinist,2004,11
Ray,2004,4
Ray,2004,0
Ray,2004,16
Lost in Translation,2003,10
Lost in Translation,2003,0
Harry Potter and the Goblet of Fire,2005,3
Harry Potter and the Goblet of Fire,2005,13
Harry Potter and the Goblet of Fire,2005,9
Man on Fire,2004,2
Man on Fire,2004,1
Man on Fire,2004,0
Coraline,2009,12
Coraline,2009,0
Coraline,2009,13
The Last Samurai,2003,2
The Last Samurai,2003,0
The Magdalene Sisters,2002,0
Good Bye Lenin!,2003,10
Good Bye Lenin!,2003,0
Good Bye Lenin!,2003,7
In America,2002,0
I Am Sam,2001,0
Adaptation.,2002,10
Adaptation.,2002,0
Black Hawk Down,2001,0
Black Hawk Down,2001,5
Black Hawk Down,2001,14
Road to Perdition,2002,1
Road to Perdition,2002,0
Road to Perdition,2002,11
Das Experiment,2001,0
Das Experiment,2001,11
Billy Elliot,2000,0
Billy Elliot,2000,16
Hedwig and the Angry Inch,2001,10
Hedwig and the Angry Inch,2001,0
Hedwig and the Angry Inch,2001,16
Ocean's Eleven,2001,1
Ocean's Eleven,2001,11
Vampire Hunter D: Bloodlust,2000,12
Vampire Hunter D: Bloodlust,2000,2
Vampire Hunter D: Bloodlust,2000,9
"O Brother, Where Art Thou?",2000,3
"O Brother, Where Art Thou?",2000,10
"O Brother, Where Art Thou?",2000,1
Interstate 60: Episodes of the Road,2002,3
Interstate 60: Episodes of the Road,2002,10
Interstate 60: Episodes of the Road,2002,0
"South Park: Bigger, Longer & Uncut",1999,12
"South Park: Bigger, Longer & Uncut",1999,10
"South Park: Bigger, Longer & Uncut",1999,9
Office Space,1999,10
Happiness,1998,10
Happiness,1998,0
Training Day,2001,1
Training Day,2001,0
Training Day,2001,11
Rushmore,1998,10
Rushmore,1998,0
Rushmore,1998,7
Abre los ojos,1997,0
Abre los ojos,1997,15
Abre los ojos,1997,6
Being John Malkovich,1999,10
Being John Malkovich,1999,0
Being John Malkovich,1999,9
As Good as It Gets,1997,10
As Good as It Gets,1997,0
As Good as It Gets,1997,7
The Fifth Element,1997,2
The Fifth Element,1997,3
The Fifth Element,1997,6
Le dîner de cons,1998,10
Donnie Brasco,1997,4
Donnie Brasco,1997,1
Donnie Brasco,1997,0
Shine,1996,4
Shine,1996,0
Shine,1996,16
Primal Fear,1996,1
Primal Fear,1996,0
Primal Fear,1996,15
Hamlet,1996,0
A Little Princess,1995,0
A Little Princess,1995,13
A Little Princess,1995,9
Do lok tin si,1995,10
Do lok tin si,1995,1
Do lok tin si,1995,0
Il postino,1994,4
Il postino,1994,10
Il postino,1994,0
Clerks,1994,10
Short Cuts,1993,10
Short Cuts,1993,0
Philadelphia,1993,0
The Muppet Christmas Carol,1992,10
The Muppet Christmas Carol,1992,0
The Muppet Christmas Carol,1992,13
Malcolm X,1992,4
Malcolm X,1992,0
Malcolm X,1992,5
The Last of the Mohicans,1992,2
The Last of the Mohicans,1992,3
The Last of the Mohicans,1992,0
Kurenai no buta,1992,12
Kurenai no buta,1992,3
Kurenai no buta,1992,10
Glengarry Glen Ross,1992,1
Glengarry Glen Ross,1992,0
Glengarry Glen Ross,1992,15
A Few Good Men,1992,0
A Few Good Men,1992,11
Fried Green Tomatoes,1991,0
Barton Fink,1991,10
Barton Fink,1991,0
Barton Fink,1991,11
Miller's Crossing,1990,1
Miller's Crossing,1990,0
Miller's Crossing,1990,11
Who Framed Roger Rabbit,1988,12
Who Framed Roger Rabbit,1988,3
Who Framed Roger Rabbit,1988,10
Spoorloos,1988,15
Spoorloos,1988,11
Withnail & I,1987,10
Withnail & I,1987,0
The Last Emperor,1987,4
The Last Emperor,1987,0
The Last Emperor,1987,5
Empire of the Sun,1987,2
Empire of the Sun,1987,0
Empire of the Sun,1987,5
Der Name der Rose,1986,1
Der Name der Rose,1986,0
Der Name der Rose,1986,15
Blue Velvet,1986,0
Blue Velvet,1986,15
Blue Velvet,1986,11
The Purple Rose of Cairo,1985,10
The Purple Rose of Cairo,1985,9
The Purple Rose of Cairo,1985,7
After Hours,1985,10
After Hours,1985,1
After Hours,1985,0
Zelig,1983,10
The Verdict,1982,0
Star Trek II: The Wrath of Khan,1982,2
Star Trek II: The Wrath of Khan,1982,3
Star Trek II: The Wrath of Khan,1982,6
First Blood,1982,2
First Blood,1982,3
Ordinary People,1980,0
Airplane!,1980,10
Rupan sansei: Kariosutoro no shiro,1979,12
Rupan sansei: Kariosutoro no shiro,1979,3
Rupan sansei: Kariosutoro no shiro,1979,13
Halloween,1978,17
Halloween,1978,11
Le locataire,1976,0
Le locataire,1976,11
Love and Death,1975,10
Love and Death,1975,14
The Taking of Pelham One Two Three,1974,2
The Taking of Pelham One Two Three,1974,1
The Taking of Pelham One Two Three,1974,11
Blazing Saddles,1974,10
Blazing Saddles,1974,8
Serpico,1973,4
Serpico,1973,1
Serpico,1973,0
Enter the Dragon,1973,2
Enter the Dragon,1973,1
Enter the Dragon,1973,0
Deliverance,1972,3
Deliverance,1972,0
Deliverance,1972,11
The French Connection,1971,2
The French Connection,1971,1
The French Connection,1971,0
Dirty Harry,1971,2
Dirty Harry,1971,1
Dirty Harry,1971,11
Where Eagles Dare,1968,2
Where Eagles Dare,1968,3
Where Eagles Dare,1968,14
The Odd Couple,1968,10
The Dirty Dozen,1967,2
The Dirty Dozen,1967,3
The Dirty Dozen,1967,14
Belle de jour,1967,0
Belle de jour,1967,7
A Man for All Seasons,1966,4
A Man for All Seasons,1966,0
A Man for All Seasons,1966,5
Repulsion,1965,0
Repulsion,1965,17
Repulsion,1965,11
Zulu,1964,0
Zulu,1964,5
Zulu,1964,14
Goldfinger,1964,2
Goldfinger,1964,3
Goldfinger,1964,11
The Birds,1963,0
The Birds,1963,17
The Birds,1963,15
Cape Fear,1962,0
Cape Fear,1962,11
Peeping Tom,1960,0
Peeping Tom,1960,17
Peeping Tom,1960,11
The Magnificent Seven,1960,2
The Magnificent Seven,1960,3
The Magnificent Seven,1960,8
Les yeux sans visage,1960,0
Les yeux sans visage,1960,17
Invasion of the Body Snatchers,1956,0
Invasion of the Body Snatchers,1956,17
Invasion of the Body Snatchers,1956,6
Rebel Without a Cause,1955,0
The Ladykillers,1955,10
The Ladykillers,1955,1
Sabrina,1954,10
Sabrina,1954,0
Sabrina,1954,7
The Quiet Man,1952,10
The Quiet Man,1952,0
The Quiet Man,1952,7
The Day the Earth Stood Still,1951,0
The Day the Earth Stood Still,1951,6
The African Queen,1951,3
The African Queen,1951,0
The African Queen,1951,7
Gilda,1946,0
Gilda,1946,19
Gilda,1946,7
Fantasia,1940,12
Fantasia,1940,13
Fantasia,1940,9
The Invisible Man,1933,17
The Invisible Man,1933,6
Dark Waters,2019,4
Dark Waters,2019,0
Dark Waters,2019,5
Searching,2018,0
Searching,2018,15
Searching,2018,11
Once Upon a Time... in Hollywood,2019,10
Once Upon a Time... in Hollywood,2019,0
Nelyubov,2017,0
The Florida Project,2017,0
Just Mercy,2019,4
Just Mercy,2019,1
Just Mercy,2019,0
Gifted,2017,0
The Peanut Butter Falcon,2019,3
The Peanut Butter Falcon,2019,10
The Peanut Butter Falcon,2019,0
Victoria,2015,1
Victoria,2015,0
Victoria,2015,7
Mustang,2015,0
Guardians of the Galaxy Vol. 2,2017,2
Guardians of the Galaxy Vol. 2,2017,3
Guardians of the Galaxy Vol. 2,2017,10
Baby Driver,2017,2
Baby Driver,2017,1
Baby Driver,2017,0
Only the Brave,2017,2
Only the Brave,2017,4
Only the Brave,2017,0
Bridge of Spies,2015,0
Bridge of Spies,2015,5
Bridge of Spies,2015,11
Incredibles 2,2018,12
Incredibles 2,2018,2
Incredibles 2,2018,3
Moana,2016,12
Moana,2016,3
Moana,2016,10
Sicario,2015,2
Sicario,2015,1
Sicario,2015,0
Creed,2015,0
Creed,2015,20
Leviafan,2014,1
Leviafan,2014,0
Hell or High Water,2016,2
Hell or High Water,2016,1
Hell or High Water,2016,0
Philomena,2013,4
Philomena,2013,10
Philomena,2013,0
Dawn of the Planet of the Apes,2014,2
Dawn of the Planet of the Apes,2014,3
Dawn of the Planet of the Apes,2014,0
El cuerpo,2012,15
El cuerpo,2012,11
Serbuan maut,2011,2
Serbuan maut,2011,11
End of Watch,2012,2
End of Watch,2012,1
End of Watch,2012,0
Kari-gurashi no Arietti,2010,12
Kari-gurashi no Arietti,2010,3
Kari-gurashi no Arietti,2010,13
A Star Is Born,2018,0
A Star Is Born,2018,16
A Star Is Born,2018,7
True Grit,2010,0
True Grit,2010,8
Hævnen,2010,0
Hævnen,2010,7
Despicable Me,2010,12
Despicable Me,2010,10
Despicable Me,2010,1
50/50,2011,10
50/50,2011,0
50/50,2011,7
Kick-Ass,2010,2
Kick-Ass,2010,10
Kick-Ass,2010,1
Celda 211,2009,2
Celda 211,2009,3
Celda 211,2009,1
Moneyball,2011,4
Moneyball,2011,0
Moneyball,2011,20
La piel que habito,2011,0
La piel que habito,2011,17
La piel que habito,2011,11
Zombieland,2009,3
Zombieland,2009,10
Zombieland,2009,9
Die Welle,2008,0
Die Welle,2008,11
Sherlock Holmes,2009,2
Sherlock Holmes,2009,3
Sherlock Holmes,2009,15
The Blind Side,2009,4
The Blind Side,2009,0
The Blind Side,2009,20
The Visitor,2007,0
Seven Pounds,2008,0
Eastern Promises,2007,2
Eastern Promises,2007,1
Eastern Promises,2007,0
Stardust,2007,3
Stardust,2007,13
Stardust,2007,9
The Secret of Kells,2009,12
The Secret of Kells,2009,3
The Secret of Kells,2009,13
Inside Man,2006,1
Inside Man,2006,0
Inside Man,2006,15
Gone Baby Gone,2007,1
Gone Baby Gone,2007,0
Gone Baby Gone,2007,15
La Vie En Rose,2007,4
La Vie En Rose,2007,0
La Vie En Rose,2007,16
Huo Yuan Jia,2006,2
Huo Yuan Jia,2006,4
Huo Yuan Jia,2006,0
The Illusionist,2006,0
The Illusionist,2006,9
The Illusionist,2006,15
Dead Man's Shoes,2004,1
Dead Man's Shoes,2004,0
Dead Man's Shoes,2004,11
Harry Potter and the Half-Blood Prince,2009,2
Harry Potter and the Half-Blood Prince,2009,3
Harry Potter and the Half-Blood Prince,2009,13
300,2006,2
300,2006,0
Match Point,2005,0
Match Point,2005,7
Match Point,2005,11
Watchmen,2009,2
Watchmen,2009,0
Watchmen,2009,15
Lord of War,2005,2
Lord of War,2005,1
Lord of War,2005,0
Saw,2004,17
Saw,2004,15
Saw,2004,11
"Synecdoche, New York",2008,0
Mysterious Skin,2004,0
Jeux d'enfants,2003,10
Jeux d'enfants,2003,0
Jeux d'enfants,2003,7
Un long dimanche de fiançailles,2004,0
Un long dimanche de fiançailles,2004,15
Un long dimanche de fiançailles,2004,7
The Station Agent,2003,10
The Station Agent,2003,0
21 Grams,2003,1
21 Grams,2003,0
21 Grams,2003,11
Boksuneun naui geot,2002,1
Boksuneun naui geot,2002,0
Boksuneun naui geot,2002,11
Finding Neverland,2004,4
Finding Neverland,2004,0
Finding Neverland,2004,13
25th Hour,2002,0
The Butterfly Effect,2004,0
The Butterfly Effect,2004,6
The Butterfly Effect,2004,11
28 Days Later...,2002,0
28 Days Later...,2002,17
28 Days Later...,2002,6
Batoru rowaiaru,2000,2
Batoru rowaiaru,2000,3
Batoru rowaiaru,2000,0
The Royal Tenenbaums,2001,10
The Royal Tenenbaums,2001,0
Y tu mamá también,2001,0
Harry Potter and the Sorcerer's Stone,2001,3
Harry Potter and the Sorcerer's Stone,2001,13
Harry Potter and the Sorcerer's Stone,2001,9
The Others,2001,17
The Others,2001,15
The Others,2001,11
Blow,2001,4
Blow,2001,1
Blow,2001,0
Enemy at the Gates,2001,0
Enemy at the Gates,2001,5
Enemy at the Gates,2001,14
Minority Report,2002,2
Minority Report,2002,1
Minority Report,2002,15
The Hurricane,1999,4
The Hurricane,1999,0
The Hurricane,1999,20
American Psycho,2000,10
American Psycho,2000,1
American Psycho,2000,0
Lola rennt,1998,1
Lola rennt,1998,0
Lola rennt,1998,11
The Thin Red Line,1998,0
The Thin Red Line,1998,14
Mulan,1998,12
Mulan,1998,3
Mulan,1998,13
Fear and Loathing in Las Vegas,1998,3
Fear and Loathing in Las Vegas,1998,10
Fear and Loathing in Las Vegas,1998,0
Funny Games,1997,1
Funny Games,1997,0
Funny Games,1997,11
Dark City,1998,15
Dark City,1998,6
Dark City,1998,11
Sleepers,1996,1
Sleepers,1996,0
Sleepers,1996,11
Lost Highway,1997,15
Lost Highway,1997,11
Sense and Sensibility,1995,0
Sense and Sensibility,1995,7
Die Hard: With a Vengeance,1995,2
Die Hard: With a Vengeance,1995,3
Die Hard: With a Vengeance,1995,11
Dead Man,1995,3
Dead Man,1995,0
Dead Man,1995,9
The Bridges of Madison County,1995,0
The Bridges of Madison County,1995,7
Apollo 13,PG,3
Apollo 13,PG,0
Apollo 13,PG,5
Trois couleurs: Blanc,1994,10
Trois couleurs: Blanc,1994,0
Trois couleurs: Blanc,1994,7
Falling Down,1993,2
Falling Down,1993,1
Falling Down,1993,0
Dazed and Confused,1993,10
My Cousin Vinny,1992,10
My Cousin Vinny,1992,1
Omohide poro poro,1991,12
Omohide poro poro,1991,0
Omohide poro poro,1991,7
Delicatessen,1991,10
Delicatessen,1991,1
Home Alone,1990,10
Home Alone,1990,13
The Godfather: Part III,1990,1
The Godfather: Part III,1990,0
When Harry Met Sally...,1989,10
When Harry Met Sally...,1989,0
When Harry Met Sally...,1989,7
The Little Mermaid,1989,12
The Little Mermaid,1989,13
The Little Mermaid,1989,9
The Naked Gun: From the Files of Police Squad!,1988,10
The Naked Gun: From the Files of Police Squad!,1988,1
"Planes, Trains & Automobiles",1987,10
"Planes, Trains & Automobiles",1987,0
Lethal Weapon,1987,2
Lethal Weapon,1987,1
Lethal Weapon,1987,11
Blood Simple,1984,1
Blood Simple,1984,0
Blood Simple,1984,11
On Golden Pond,1981,0
Mad Max 2,1981,2
Mad Max 2,1981,3
Mad Max 2,1981,6
The Warriors,1979,2
The Warriors,1979,1
The Warriors,1979,11
The Muppet Movie,1979,3
The Muppet Movie,1979,10
The Muppet Movie,1979,13
Escape from Alcatraz,1979,2
Escape from Alcatraz,1979,4
Escape from Alcatraz,1979,1
Watership Down,1978,12
Watership Down,1978,3
Watership Down,1978,0
Midnight Express,1978,4
Midnight Express,1978,1
Midnight Express,1978,0
Close Encounters of the Third Kind,1977,0
Close Encounters of the Third Kind,1977,6
The Long Goodbye,1973,10
The Long Goodbye,1973,1
The Long Goodbye,1973,0
Giù la testa,1971,0
Giù la testa,1971,14
Giù la testa,1971,8
Kelly's Heroes,1970,3
Kelly's Heroes,1970,10
Kelly's Heroes,1970,14
The Jungle Book,1967,12
The Jungle Book,1967,3
The Jungle Book,1967,13
Blowup,1966,0
Blowup,1966,15
Blowup,1966,11
A Hard Day's Night,1964,10
A Hard Day's Night,1964,16
A Hard Day's Night,1964,18
Breakfast at Tiffany's,1961,10
Breakfast at Tiffany's,1961,0
Breakfast at Tiffany's,1961,7
Giant,1956,0
Giant,1956,8
From Here to Eternity,1953,0
From Here to Eternity,1953,7
From Here to Eternity,1953,14
Lifeboat,1944,0
Lifeboat,1944,14
The 39 Steps,1935,1
The 39 Steps,1935,15
The 39 Steps,1935,11
